CONFED,NAME,SLUG,SOURCE_PAGE,PNG_URL,PNG_PATH,SVG_URL,SVG_PATH,STATUS,ERROR,SHA1
AFC,🇦🇪 United Arab Emirates,united-arab-emirates,https://football-logos.cc/uae/uae-national-team/,https://assets.football-logos.cc/logos/uae/1500x1500/uae-national-team.691abd7f.png,C:\Temp\national-badges\AFC\united-arab-emirates.png,https://assets.football-logos.cc/logos/uae/svg/uae-national-team.691abd7f.svg,,ok,,22d5ab1e4db5ad0a55d3d5b0f8fd3c3f95407dd8
AFC,🇦🇫 Afghanistan,afghanistan,https://football-logos.cc/afghanistan/afghanistan-national-team/,https://assets.football-logos.cc/logos/afghanistan/1500x1500/afghanistan-national-team.c11a950b.png,C:\Temp\national-badges\AFC\afghanistan.png,https://assets.football-logos.cc/logos/afghanistan/svg/afghanistan-national-team.c11a950b.svg,,ok,,5bc8e81a2c94ff9be8c7810c1d5b778de8cd98f4
AFC,🇦🇺 Australia,australia,https://football-logos.cc/australia/australia-national-team/,https://assets.football-logos.cc/logos/australia/1500x1500/australia-national-team.abfa2226.png,C:\Temp\national-badges\AFC\australia.png,https://assets.football-logos.cc/logos/australia/svg/australia-national-team.abfa2226.svg,,ok,,905e57d5ac16d7c18fc5a2254a87a1242c553a5b
AFC,🇧🇩 Bangladesh,bangladesh,https://football-logos.cc/bangladesh/bangladesh-national-team/,https://assets.football-logos.cc/logos/bangladesh/1500x1500/bangladesh-national-team.76c0555d.png,C:\Temp\national-badges\AFC\bangladesh.png,https://assets.football-logos.cc/logos/bangladesh/svg/bangladesh-national-team.76c0555d.svg,,ok,,fea49f36d18663f2967771fc94f509b4d3c9141f
AFC,🇧🇭 Bahrain,bahrain,https://football-logos.cc/bahrain/bahrain-national-team/,https://assets.football-logos.cc/logos/bahrain/1500x1500/bahrain-national-team.9c472054.png,C:\Temp\national-badges\AFC\bahrain.png,https://assets.football-logos.cc/logos/bahrain/svg/bahrain-national-team.9c472054.svg,,ok,,928f117836a08b178243d72030ae1c1f9abab0f3
AFC,🇧🇳 Brunei,brunei,https://football-logos.cc/brunei/brunei-national-team/,https://assets.football-logos.cc/logos/brunei/1500x1500/brunei-national-team.775fba01.png,C:\Temp\national-badges\AFC\brunei.png,https://assets.football-logos.cc/logos/brunei/svg/brunei-national-team.775fba01.svg,,ok,,8ea700578aae893959b8a234f325bb627e55a3a6
AFC,🇧🇹 Bhutan,bhutan,https://football-logos.cc/bhutan/bhutan-national-team/,https://assets.football-logos.cc/logos/bhutan/1500x1500/bhutan-national-team.a907d6ff.png,C:\Temp\national-badges\AFC\bhutan.png,https://assets.football-logos.cc/logos/bhutan/svg/bhutan-national-team.a907d6ff.svg,,ok,,20cc78a0b5c6a19574e6c137d9da33f2d16827e8
AFC,🇨🇳 China 中国国家足球队,china,https://football-logos.cc/china/china-national-team/,https://assets.football-logos.cc/logos/china/1500x1500/china-national-team.1506ce78.png,C:\Temp\national-badges\AFC\china.png,https://assets.football-logos.cc/logos/china/svg/china-national-team.1506ce78.svg,,ok,,44b8a83826348de67c5226ec35dc4872873e7327
AFC,🇬🇺 Guam,guam,https://football-logos.cc/guam/guam-national-team/,https://assets.football-logos.cc/logos/guam/1500x1500/guam-national-team.b95259dc.png,C:\Temp\national-badges\AFC\guam.png,https://assets.football-logos.cc/logos/guam/svg/guam-national-team.b95259dc.svg,,ok,,dca8e188fe6c5ffd50436b6588d19d573afe2839
AFC,🇭🇰 Hong Kong,hong-kong,https://football-logos.cc/hong-kong/hong-kong-national-team/,https://assets.football-logos.cc/logos/hong-kong/1500x1500/hong-kong-national-team.45637f27.png,C:\Temp\national-badges\AFC\hong-kong.png,https://assets.football-logos.cc/logos/hong-kong/svg/hong-kong-national-team.45637f27.svg,,ok,,81988c626b41245d5a39bcf5c686f672643e198a
AFC,🇮🇩 Indonesia,indonesia,https://football-logos.cc/indonesia/indonesia-national-team/,https://assets.football-logos.cc/logos/indonesia/1500x1500/indonesia-national-team.4b2fd243.png,C:\Temp\national-badges\AFC\indonesia.png,https://assets.football-logos.cc/logos/indonesia/svg/indonesia-national-team.4b2fd243.svg,,ok,,7d118b1237c296142addec50f5ebbe599f62ae6a
AFC,🇮🇳 India,india,https://football-logos.cc/india/india-national-team/,https://assets.football-logos.cc/logos/india/1500x1500/india-national-team.6bb8b56f.png,C:\Temp\national-badges\AFC\india.png,https://assets.football-logos.cc/logos/india/svg/india-national-team.6bb8b56f.svg,,ok,,5ddb75805584cb0777e68c298abc37914527ae7e
AFC,🇮🇶 Iraq,iraq,https://football-logos.cc/iraq/iraq-national-team/,https://assets.football-logos.cc/logos/iraq/1500x1500/iraq-national-team.6fe407bc.png,C:\Temp\national-badges\AFC\iraq.png,https://assets.football-logos.cc/logos/iraq/svg/iraq-national-team.6fe407bc.svg,,ok,,598fd82845e92a6e6a814c7dd7036eef0bba2677
AFC,🇮🇷 Iran تیم ملی فوتبال ایران,iran,https://football-logos.cc/iran/iran-national-team/,https://assets.football-logos.cc/logos/iran/1500x1500/iran-national-team.c2d18212.png,C:\Temp\national-badges\AFC\iran.png,https://assets.football-logos.cc/logos/iran/svg/iran-national-team.c2d18212.svg,,ok,,b7c7ec62972af01174ad7dcbaa1ed3a347994173
AFC,🇯🇴 Jordan,jordan,https://football-logos.cc/jordan/jordan-national-team/,https://assets.football-logos.cc/logos/jordan/1500x1500/jordan-national-team.5a2c6689.png,C:\Temp\national-badges\AFC\jordan.png,https://assets.football-logos.cc/logos/jordan/svg/jordan-national-team.5a2c6689.svg,,ok,,53da938c4a6e9c67f7aa1544358e795c9c7be71e
AFC,🇯🇵 Japan,japan,https://football-logos.cc/japan/japan-national-team/,https://assets.football-logos.cc/logos/japan/1500x1500/japan-national-team.d5f74c77.png,C:\Temp\national-badges\AFC\japan.png,https://assets.football-logos.cc/logos/japan/svg/japan-national-team.d5f74c77.svg,,ok,,6dbfa3e798b388096669eb70434484d62adc4c52
AFC,🇰🇬 Kyrgyzstan,kyrgyzstan,https://football-logos.cc/kyrgyzstan/kyrgyzstan-national-team/,https://assets.football-logos.cc/logos/kyrgyzstan/1500x1500/kyrgyzstan-national-team.a7837023.png,C:\Temp\national-badges\AFC\kyrgyzstan.png,https://assets.football-logos.cc/logos/kyrgyzstan/svg/kyrgyzstan-national-team.a7837023.svg,,ok,,f3445db9f90ce4d89f294722874a0ad944bd5cc1
AFC,🇰🇭 Cambodia,cambodia,https://football-logos.cc/cambodia/cambodia-national-team/,https://assets.football-logos.cc/logos/cambodia/1500x1500/cambodia-national-team.a49c90fe.png,C:\Temp\national-badges\AFC\cambodia.png,https://assets.football-logos.cc/logos/cambodia/svg/cambodia-national-team.a49c90fe.svg,,ok,,a8f6e8773390546d04b3ecbeee2599e71eb950ff
AFC,🇰🇵 North Korea,north-korea,https://football-logos.cc/north-korea/north-korea-national-team/,https://assets.football-logos.cc/logos/north-korea/1500x1500/north-korea-national-team.ef7710f5.png,C:\Temp\national-badges\AFC\north-korea.png,https://assets.football-logos.cc/logos/north-korea/svg/north-korea-national-team.ef7710f5.svg,,ok,,de6eaff92fa0fb93032c068e26561f1e3d143067
AFC,🇰🇷 South Korea 태극전사,south-korea,https://football-logos.cc/south-korea/south-korea-national-team/,https://assets.football-logos.cc/logos/south-korea/1500x1500/south-korea-national-team.2081e769.png,C:\Temp\national-badges\AFC\south-korea.png,https://assets.football-logos.cc/logos/south-korea/svg/south-korea-national-team.2081e769.svg,,ok,,e8e100de43b6b2e568f39098526e3f54a164ab48
AFC,🇰🇼 Kuwait,kuwait,https://football-logos.cc/kuwait/kuwait-national-team/,https://assets.football-logos.cc/logos/kuwait/1500x1500/kuwait-national-team.d8b14e83.png,C:\Temp\national-badges\AFC\kuwait.png,https://assets.football-logos.cc/logos/kuwait/svg/kuwait-national-team.d8b14e83.svg,,ok,,291c2a0b74580652c1b2fa66e54b02a476730f86
AFC,🇱🇦 Laos,laos,https://football-logos.cc/laos/laos-national-team/,https://assets.football-logos.cc/logos/laos/1500x1500/laos-national-team.0bfb5216.png,C:\Temp\national-badges\AFC\laos.png,https://assets.football-logos.cc/logos/laos/svg/laos-national-team.0bfb5216.svg,,ok,,b30bcc775904b0d1746bc2000b74ae567addf0ab
AFC,🇱🇧 Lebanon,lebanon,https://football-logos.cc/lebanon/lebanon-national-team/,https://assets.football-logos.cc/logos/lebanon/1500x1500/lebanon-national-team.3b324821.png,C:\Temp\national-badges\AFC\lebanon.png,https://assets.football-logos.cc/logos/lebanon/svg/lebanon-national-team.3b324821.svg,,ok,,a168c6df940db92b8b0deebc164bddfc5166bf31
AFC,🇱🇰 Sri Lanka,sri-lanka,https://football-logos.cc/sri-lanka/sri-lanka-national-team/,https://assets.football-logos.cc/logos/sri-lanka/1500x1500/sri-lanka-national-team.a4b9c988.png,C:\Temp\national-badges\AFC\sri-lanka.png,https://assets.football-logos.cc/logos/sri-lanka/svg/sri-lanka-national-team.a4b9c988.svg,,ok,,ab310acbd70ad70b81b75d499fa0ca03f9f0775c
AFC,🇲🇲 Myanmar,myanmar,https://football-logos.cc/myanmar/myanmar-national-team/,https://assets.football-logos.cc/logos/myanmar/1500x1500/myanmar-national-team.a83283bf.png,C:\Temp\national-badges\AFC\myanmar.png,https://assets.football-logos.cc/logos/myanmar/svg/myanmar-national-team.a83283bf.svg,,ok,,78b365ef0e25d721a4e0195eaa45179d1d3f428c
AFC,🇲🇳 Mongolia,mongolia,https://football-logos.cc/mongolia/mongolia-national-team/,https://assets.football-logos.cc/logos/mongolia/1500x1500/mongolia-national-team.ca7e4d2a.png,C:\Temp\national-badges\AFC\mongolia.png,https://assets.football-logos.cc/logos/mongolia/svg/mongolia-national-team.ca7e4d2a.svg,,ok,,67ab7b45e8351aba6e273fae154aa6e199014151
AFC,🇲🇴 Macau,macau,https://football-logos.cc/macau/macau-national-team/,https://assets.football-logos.cc/logos/macau/1500x1500/macau-national-team.b476d333.png,C:\Temp\national-badges\AFC\macau.png,https://assets.football-logos.cc/logos/macau/svg/macau-national-team.b476d333.svg,,ok,,2e4fa8855b1014aca431e80fa3444db2de934541
AFC,🇲🇻 Maldives,maldives,https://football-logos.cc/maldives/maldives-national-team/,https://assets.football-logos.cc/logos/maldives/1500x1500/maldives-national-team.043e10be.png,C:\Temp\national-badges\AFC\maldives.png,https://assets.football-logos.cc/logos/maldives/svg/maldives-national-team.043e10be.svg,,ok,,76f5aa2f3bedddaaa41406d5122fa68753ff12d1
AFC,🇲🇾 Malaysia,malaysia,https://football-logos.cc/malaysia/malaysia-national-team/,https://assets.football-logos.cc/logos/malaysia/1500x1500/malaysia-national-team.bd2af411.png,C:\Temp\national-badges\AFC\malaysia.png,https://assets.football-logos.cc/logos/malaysia/svg/malaysia-national-team.bd2af411.svg,,ok,,a3d1a7351ae69f28a145031e0259bc70775140e6
AFC,🇳🇵 Nepal,nepal,https://football-logos.cc/nepal/nepal-national-team/,https://assets.football-logos.cc/logos/nepal/1500x1500/nepal-national-team.f09f4759.png,C:\Temp\national-badges\AFC\nepal.png,https://assets.football-logos.cc/logos/nepal/svg/nepal-national-team.f09f4759.svg,,ok,,567a195f677a6ad47a92245ee0cc5544929816bb
AFC,🇴🇲 Oman,oman,https://football-logos.cc/oman/oman-national-team/,https://assets.football-logos.cc/logos/oman/1500x1500/oman-national-team.f0e065c3.png,C:\Temp\national-badges\AFC\oman.png,https://assets.football-logos.cc/logos/oman/svg/oman-national-team.f0e065c3.svg,,ok,,75130813ab814a016289b93c5da6ce5ebee49391
AFC,🇵🇭 Philippines,philippines,https://football-logos.cc/philippines/philippines-national-team/,https://assets.football-logos.cc/logos/philippines/1500x1500/philippines-national-team.e7da1228.png,C:\Temp\national-badges\AFC\philippines.png,https://assets.football-logos.cc/logos/philippines/svg/philippines-national-team.e7da1228.svg,,ok,,7c4d069891546c6811c8554cba94baddae3e61cd
AFC,🇵🇰 Pakistan,pakistan,https://football-logos.cc/pakistan/pakistan-national-team/,https://assets.football-logos.cc/logos/pakistan/1500x1500/pakistan-national-team.4d1d6cd7.png,C:\Temp\national-badges\AFC\pakistan.png,https://assets.football-logos.cc/logos/pakistan/svg/pakistan-national-team.4d1d6cd7.svg,,ok,,e4c65607bc5b4a36ac1cd6ba148db951dfcd71ce
AFC,🇵🇸 Palestine,palestine,https://football-logos.cc/palestine/palestine-national-team/,https://assets.football-logos.cc/logos/palestine/1500x1500/palestine-national-team.baf84f85.png,C:\Temp\national-badges\AFC\palestine.png,https://assets.football-logos.cc/logos/palestine/svg/palestine-national-team.baf84f85.svg,,ok,,70f0c28f93b40d4a40aef776655439f2cff92ff3
AFC,🇶🇦 Qatar العنابي,qatar,https://football-logos.cc/qatar/qatar-national-team/,https://assets.football-logos.cc/logos/qatar/1500x1500/qatar-national-team.7cdb4fd6.png,C:\Temp\national-badges\AFC\qatar.png,https://assets.football-logos.cc/logos/qatar/svg/qatar-national-team.7cdb4fd6.svg,,ok,,8005cd79a214d25908038004385930675263aeb6
AFC,🇸🇦 Saudi Arabia الصقور الخضر,saudi-arabia,https://football-logos.cc/saudi-arabia/saudi-arabia-national-team/,https://assets.football-logos.cc/logos/saudi-arabia/1500x1500/saudi-arabia-national-team.ea57e41d.png,C:\Temp\national-badges\AFC\saudi-arabia.png,https://assets.football-logos.cc/logos/saudi-arabia/svg/saudi-arabia-national-team.ea57e41d.svg,,ok,,d4ea84240f702b6cc73d26f9ac5d77db72ea349c
AFC,🇸🇬 Singapore,singapore,https://football-logos.cc/singapore/singapore-national-team/,https://assets.football-logos.cc/logos/singapore/1500x1500/singapore-national-team.e08e8d0c.png,C:\Temp\national-badges\AFC\singapore.png,https://assets.football-logos.cc/logos/singapore/svg/singapore-national-team.e08e8d0c.svg,,ok,,226f2314dc7507b10318ee5548b52e82e520e63a
AFC,🇸🇾 Syria,syria,https://football-logos.cc/syria/syria-national-team/,https://assets.football-logos.cc/logos/syria/1500x1500/syria-national-team.d410277c.png,C:\Temp\national-badges\AFC\syria.png,https://assets.football-logos.cc/logos/syria/svg/syria-national-team.d410277c.svg,,ok,,2225f8a248c948a4f534dbea24c782e82a02cd84
AFC,🇹🇭 Thailand ช้างศึก,thailand,https://football-logos.cc/thailand/thailand-national-team/,https://assets.football-logos.cc/logos/thailand/1500x1500/thailand-national-team.b2eb80d1.png,C:\Temp\national-badges\AFC\thailand.png,https://assets.football-logos.cc/logos/thailand/svg/thailand-national-team.b2eb80d1.svg,,ok,,d97fb2d287a041745c58ec0da76c6e3f1d7e5718
AFC,🇹🇯 Tajikistan,tajikistan,https://football-logos.cc/tajikistan/tajikistan-national-team/,https://assets.football-logos.cc/logos/tajikistan/1500x1500/tajikistan-national-team.cad572ce.png,C:\Temp\national-badges\AFC\tajikistan.png,https://assets.football-logos.cc/logos/tajikistan/svg/tajikistan-national-team.cad572ce.svg,,ok,,b2a368c52f055379b95475439b3a239095ba245a
AFC,🇹🇲 Turkmenistan,turkmenistan,https://football-logos.cc/turkmenistan/turkmenistan-national-team/,https://assets.football-logos.cc/logos/turkmenistan/1500x1500/turkmenistan-national-team.c12f81f1.png,C:\Temp\national-badges\AFC\turkmenistan.png,https://assets.football-logos.cc/logos/turkmenistan/svg/turkmenistan-national-team.c12f81f1.svg,,ok,,abc0bd2f8b5eed5cec83d7f3367eb98e03c45a41
AFC,🇹🇼 Taiwan,taiwan,https://football-logos.cc/taiwan/taiwan-national-team/,https://assets.football-logos.cc/logos/taiwan/1500x1500/taiwan-national-team.543f2241.png,C:\Temp\national-badges\AFC\taiwan.png,https://assets.football-logos.cc/logos/taiwan/svg/taiwan-national-team.543f2241.svg,,ok,,c23cbf52dc972b94e35ebcbd6ac0b7a36fcef846
AFC,🇺🇿 Uzbekistan,uzbekistan,https://football-logos.cc/uzbekistan/uzbekistan-national-team/,https://assets.football-logos.cc/logos/uzbekistan/1500x1500/uzbekistan-national-team.2eb400a4.png,C:\Temp\national-badges\AFC\uzbekistan.png,https://assets.football-logos.cc/logos/uzbekistan/svg/uzbekistan-national-team.2eb400a4.svg,,ok,,3717dd8c5f1e40fad720b756c2acc73ef914b5b2
AFC,🇻🇳 Vietnam,vietnam,https://football-logos.cc/vietnam/vietnam-national-team/,https://assets.football-logos.cc/logos/vietnam/1500x1500/vietnam-national-team.e6366b0d.png,C:\Temp\national-badges\AFC\vietnam.png,https://assets.football-logos.cc/logos/vietnam/svg/vietnam-national-team.e6366b0d.svg,,ok,,9181f556c8b490766d54c6b651cc4c0c7e9da05f
AFC,🇾🇪 Yemen,yemen,https://football-logos.cc/yemen/yemen-national-team/,https://assets.football-logos.cc/logos/yemen/1500x1500/yemen-national-team.aaf5fefc.png,C:\Temp\national-badges\AFC\yemen.png,https://assets.football-logos.cc/logos/yemen/svg/yemen-national-team.aaf5fefc.svg,,ok,,aac3c8af6f811b046b12637c8b42859846eec10a
CAF,🇦🇴 Angola,angola,https://football-logos.cc/angola/angola-national-team/,https://assets.football-logos.cc/logos/angola/1500x1500/angola-national-team.24586593.png,C:\Temp\national-badges\CAF\angola.png,https://assets.football-logos.cc/logos/angola/svg/angola-national-team.24586593.svg,,ok,,70673c56d7fc684909884bec48aab1cf6eae8876
CAF,🇧🇫 Burkina Faso,burkina-faso,https://football-logos.cc/burkina-faso/burkina-faso-national-team/,https://assets.football-logos.cc/logos/burkina-faso/1500x1500/burkina-faso-national-team.47967fd9.png,C:\Temp\national-badges\CAF\burkina-faso.png,https://assets.football-logos.cc/logos/burkina-faso/svg/burkina-faso-national-team.47967fd9.svg,,ok,,aaae95b98bcb4259a58b296f7d508c9b83fcda09
CAF,🇧🇮 Burundi,burundi,https://football-logos.cc/burundi/burundi-national-team/,https://assets.football-logos.cc/logos/burundi/1500x1500/burundi-national-team.70e86e5c.png,C:\Temp\national-badges\CAF\burundi.png,https://assets.football-logos.cc/logos/burundi/svg/burundi-national-team.70e86e5c.svg,,ok,,accfeaf953f764c2aafa80212c2ecee4c27e67d4
CAF,🇧🇯 Benin,benin,https://football-logos.cc/benin/benin-national-team/,https://assets.football-logos.cc/logos/benin/1500x1500/benin-national-team.c00d5b85.png,C:\Temp\national-badges\CAF\benin.png,https://assets.football-logos.cc/logos/benin/svg/benin-national-team.c00d5b85.svg,,ok,,9e6be4a41fc3cd9d1f428483c17b4feea56419d4
CAF,🇧🇼 Botswana,botswana,https://football-logos.cc/botswana/botswana-national-team/,https://assets.football-logos.cc/logos/botswana/1500x1500/botswana-national-team.458d4271.png,C:\Temp\national-badges\CAF\botswana.png,https://assets.football-logos.cc/logos/botswana/svg/botswana-national-team.458d4271.svg,,ok,,72886bd2c7c244c37275f6b7de3dec0a5399949f
CAF,🇨🇩 Democratic Republic of the Congo,democratic-republic-of-the-congo,https://football-logos.cc/congo-dr/congo-dr-national-team/,https://assets.football-logos.cc/logos/congo-dr/1500x1500/congo-dr-national-team.6307a41b.png,C:\Temp\national-badges\CAF\democratic-republic-of-the-congo.png,https://assets.football-logos.cc/logos/congo-dr/svg/congo-dr-national-team.6307a41b.svg,,ok,,3de427dc54c63e60520d229efc77d7ea4159bbf4
CAF,🇨🇫 Central African Republic,central-african-republic,https://football-logos.cc/central-african-republic/central-african-republic-national-team/,https://assets.football-logos.cc/logos/central-african-republic/1500x1500/central-african-republic-national-team.5b42b4af.png,C:\Temp\national-badges\CAF\central-african-republic.png,https://assets.football-logos.cc/logos/central-african-republic/svg/central-african-republic-national-team.5b42b4af.svg,,ok,,f993794993204bb51bab852e6b863cafd5047fe7
CAF,🇨🇮 Côte d'Ivoire,cote-d-ivoire,https://football-logos.cc/cote-d-ivoire/cote-d-ivoire-national-team/,https://assets.football-logos.cc/logos/cote-d-ivoire/1500x1500/cote-d-ivoire-national-team.8fe92489.png,C:\Temp\national-badges\CAF\cote-d-ivoire.png,https://assets.football-logos.cc/logos/cote-d-ivoire/svg/cote-d-ivoire-national-team.8fe92489.svg,,ok,,a76c727a62e6e5d30f3c28603fdb1ba49ebbf92b
CAF,🇨🇲 Cameroon,cameroon,https://football-logos.cc/cameroon/cameroon-national-team/,https://assets.football-logos.cc/logos/cameroon/1500x1500/cameroon-national-team.7d44c538.png,C:\Temp\national-badges\CAF\cameroon.png,https://assets.football-logos.cc/logos/cameroon/svg/cameroon-national-team.7d44c538.svg,,ok,,0a524c9ad684777a06528e71a95e77c5ba1b9153
CAF,🇨🇻 Cabo Verde,cabo-verde,https://football-logos.cc/cabo-verde/cabo-verde-national-team/,https://assets.football-logos.cc/logos/cabo-verde/1500x1500/cabo-verde-national-team.47faf891.png,C:\Temp\national-badges\CAF\cabo-verde.png,https://assets.football-logos.cc/logos/cabo-verde/svg/cabo-verde-national-team.47faf891.svg,,ok,,789343506f5356c2318c3f3e8604034a0cbda2f7
CAF,🇩🇯 Djibouti,djibouti,https://football-logos.cc/djibouti/djibouti-national-team/,https://assets.football-logos.cc/logos/djibouti/1500x1500/djibouti-national-team.87ad77f4.png,C:\Temp\national-badges\CAF\djibouti.png,https://assets.football-logos.cc/logos/djibouti/svg/djibouti-national-team.87ad77f4.svg,,ok,,d5b79c41ca2616eac55d8c34211de548de451444
CAF,🇩🇿 Algeria,algeria,https://football-logos.cc/algeria/algeria-national-team/,https://assets.football-logos.cc/logos/algeria/1500x1500/algeria-national-team.0dd94db2.png,C:\Temp\national-badges\CAF\algeria.png,https://assets.football-logos.cc/logos/algeria/svg/algeria-national-team.0dd94db2.svg,,ok,,a64a66a274654895c989542c558241ba4bdc6486
CAF,🇪🇬 Egypt,egypt,https://football-logos.cc/egypt/egypt-national-team/,https://assets.football-logos.cc/logos/egypt/1500x1500/egypt-national-team.900bb95c.png,C:\Temp\national-badges\CAF\egypt.png,https://assets.football-logos.cc/logos/egypt/svg/egypt-national-team.900bb95c.svg,,ok,,0a694d8e713db36be62f4fb9daf611cf7a5cf63d
CAF,🇪🇷 Eritrea,eritrea,https://football-logos.cc/eritrea/eritrea-national-team/,https://assets.football-logos.cc/logos/eritrea/1500x1500/eritrea-national-team.5fc0ba5f.png,C:\Temp\national-badges\CAF\eritrea.png,https://assets.football-logos.cc/logos/eritrea/svg/eritrea-national-team.5fc0ba5f.svg,,ok,,da7bdbcb4e78ec6061773ce312d48bc80ec23a4e
CAF,🇪🇹 Ethiopia,ethiopia,https://football-logos.cc/ethiopia/ethiopia-national-team/,https://assets.football-logos.cc/logos/ethiopia/1500x1500/ethiopia-national-team.8168ad23.png,C:\Temp\national-badges\CAF\ethiopia.png,https://assets.football-logos.cc/logos/ethiopia/svg/ethiopia-national-team.8168ad23.svg,,ok,,64c87b4c9609310d44576b80fdf218a93b3ef2e8
CAF,🇬🇦 Gabon,gabon,https://football-logos.cc/gabon/gabon-national-team/,https://assets.football-logos.cc/logos/gabon/1500x1500/gabon-national-team.04b7d734.png,C:\Temp\national-badges\CAF\gabon.png,https://assets.football-logos.cc/logos/gabon/svg/gabon-national-team.04b7d734.svg,,ok,,ac8f8fb4b9238d0752b96b48b1e1f61babecb761
CAF,🇬🇭 Ghana,ghana,https://football-logos.cc/ghana/ghana-national-team/,https://assets.football-logos.cc/logos/ghana/1500x1500/ghana-national-team.c5680848.png,C:\Temp\national-badges\CAF\ghana.png,https://assets.football-logos.cc/logos/ghana/svg/ghana-national-team.c5680848.svg,,ok,,b8639c039e10e58c79d9b97679fc4bed25c4cc3e
CAF,🇬🇲 Gambia,gambia,https://football-logos.cc/gambia/gambia-national-team/,https://assets.football-logos.cc/logos/gambia/1500x1500/gambia-national-team.48af567d.png,C:\Temp\national-badges\CAF\gambia.png,https://assets.football-logos.cc/logos/gambia/svg/gambia-national-team.48af567d.svg,,ok,,82a180b4189e493f6111faee6e48d1b24ba7b3f4
CAF,🇬🇳 Guinea,guinea,https://football-logos.cc/guinea/guinea-national-team/,https://assets.football-logos.cc/logos/guinea/1500x1500/guinea-national-team.db34edc9.png,C:\Temp\national-badges\CAF\guinea.png,https://assets.football-logos.cc/logos/guinea/svg/guinea-national-team.db34edc9.svg,,ok,,9bd92c85b4c57ca36f1363f5b49b7800aeebbb34
CAF,🇬🇶 Equatorial Guinea,equatorial-guinea,https://football-logos.cc/equatorial-guinea/equatorial-guinea-national-team/,https://assets.football-logos.cc/logos/equatorial-guinea/1500x1500/equatorial-guinea-national-team.37f8191c.png,C:\Temp\national-badges\CAF\equatorial-guinea.png,https://assets.football-logos.cc/logos/equatorial-guinea/svg/equatorial-guinea-national-team.37f8191c.svg,,ok,,522701987a952a4f88f7fe236d16b5d9e450b008
CAF,🇬🇼 Guinea-Bissau,guinea-bissau,https://football-logos.cc/guinea-bissau/guinea-bissau-national-team/,https://assets.football-logos.cc/logos/guinea-bissau/1500x1500/guinea-bissau-national-team.6a1206fe.png,C:\Temp\national-badges\CAF\guinea-bissau.png,https://assets.football-logos.cc/logos/guinea-bissau/svg/guinea-bissau-national-team.6a1206fe.svg,,ok,,18ec096dbc128b1084dc84ad85f54fd72b2e8fc9
CAF,🇰🇪 Kenya,kenya,https://football-logos.cc/kenya/kenya-national-team/,https://assets.football-logos.cc/logos/kenya/1500x1500/kenya-national-team.6d9d1d7d.png,C:\Temp\national-badges\CAF\kenya.png,https://assets.football-logos.cc/logos/kenya/svg/kenya-national-team.6d9d1d7d.svg,,ok,,11fb44c0abd538dd644ef07294bb6043c2cb282f
CAF,🇰🇲 Comoros,comoros,https://football-logos.cc/comoros/comoros-national-team/,https://assets.football-logos.cc/logos/comoros/1500x1500/comoros-national-team.2b153587.png,C:\Temp\national-badges\CAF\comoros.png,https://assets.football-logos.cc/logos/comoros/svg/comoros-national-team.2b153587.svg,,ok,,d76559027800677588c9d801642474a277d5c971
CAF,🇱🇷 Liberia,liberia,https://football-logos.cc/liberia/liberia-national-team/,https://assets.football-logos.cc/logos/liberia/1500x1500/liberia-national-team.97f958a4.png,C:\Temp\national-badges\CAF\liberia.png,https://assets.football-logos.cc/logos/liberia/svg/liberia-national-team.97f958a4.svg,,ok,,24d994126f8c548fb97924574d4843c687583a46
CAF,🇱🇸 Lesotho,lesotho,https://football-logos.cc/lesotho/lesotho-national-team/,https://assets.football-logos.cc/logos/lesotho/1500x1500/lesotho-national-team.383b1f5a.png,C:\Temp\national-badges\CAF\lesotho.png,https://assets.football-logos.cc/logos/lesotho/svg/lesotho-national-team.383b1f5a.svg,,ok,,9b4bf670c552d7f63fa0bc745038fbf3ff502f98
CAF,🇱🇾 Libya,libya,https://football-logos.cc/libya/libya-national-team/,https://assets.football-logos.cc/logos/libya/1500x1500/libya-national-team.19b2af34.png,C:\Temp\national-badges\CAF\libya.png,https://assets.football-logos.cc/logos/libya/svg/libya-national-team.19b2af34.svg,,ok,,3ef2d847ad386f4ab1a009be44c90070c265350c
CAF,🇲🇦 Morocco,morocco,https://football-logos.cc/morocco/morocco-national-team/,https://assets.football-logos.cc/logos/morocco/1500x1500/morocco-national-team.219ca75f.png,C:\Temp\national-badges\CAF\morocco.png,https://assets.football-logos.cc/logos/morocco/svg/morocco-national-team.219ca75f.svg,,ok,,b7e15a1476fd0d6622074dbe376fbd83a27ec8be
CAF,🇲🇬 Madagascar,madagascar,https://football-logos.cc/madagascar/madagascar-national-team/,https://assets.football-logos.cc/logos/madagascar/1500x1500/madagascar-national-team.78eb8ece.png,C:\Temp\national-badges\CAF\madagascar.png,https://assets.football-logos.cc/logos/madagascar/svg/madagascar-national-team.78eb8ece.svg,,ok,,e043614236699219ea6d827ea865e21860b55b28
CAF,🇲🇲 Mali,mali,https://football-logos.cc/mali/mali-national-team/,https://assets.football-logos.cc/logos/mali/1500x1500/mali-national-team.29b4c451.png,C:\Temp\national-badges\CAF\mali.png,https://assets.football-logos.cc/logos/mali/svg/mali-national-team.29b4c451.svg,,ok,,b5721e5052556616cd79f137e0cfbb1a2329025d
CAF,🇲🇷 Mauritania,mauritania,https://football-logos.cc/mauritania/mauritania-national-team/,https://assets.football-logos.cc/logos/mauritania/1500x1500/mauritania-national-team.7c51770c.png,C:\Temp\national-badges\CAF\mauritania.png,https://assets.football-logos.cc/logos/mauritania/svg/mauritania-national-team.7c51770c.svg,,ok,,61028edecc2810e35f901fb9067ddb27af9dd4ea
CAF,🇲🇺 Mauritius,mauritius,https://football-logos.cc/mauritius/mauritius-national-team/,https://assets.football-logos.cc/logos/mauritius/1500x1500/mauritius-national-team.f390fde8.png,C:\Temp\national-badges\CAF\mauritius.png,https://assets.football-logos.cc/logos/mauritius/svg/mauritius-national-team.f390fde8.svg,,ok,,db757c7471893193aa70f6fc449a01d0b97bc04c
CAF,🇲🇼 Malawi,malawi,https://football-logos.cc/malawi/malawi-national-team/,https://assets.football-logos.cc/logos/malawi/1500x1500/malawi-national-team.ef120ea9.png,C:\Temp\national-badges\CAF\malawi.png,https://assets.football-logos.cc/logos/malawi/svg/malawi-national-team.ef120ea9.svg,,ok,,980968b3498ea82af600b6eaa685112f22246f1a
CAF,🇲🇿 Mozambique,mozambique,https://football-logos.cc/mozambique/mozambique-national-team/,https://assets.football-logos.cc/logos/mozambique/1500x1500/mozambique-national-team.b54faffd.png,C:\Temp\national-badges\CAF\mozambique.png,https://assets.football-logos.cc/logos/mozambique/svg/mozambique-national-team.b54faffd.svg,,ok,,55ceb293db06e3770250696ac49ef5dfd55859a0
CAF,🇳🇦 Namibia,namibia,https://football-logos.cc/namibia/namibia-national-team/,https://assets.football-logos.cc/logos/namibia/1500x1500/namibia-national-team.9b86a579.png,C:\Temp\national-badges\CAF\namibia.png,https://assets.football-logos.cc/logos/namibia/svg/namibia-national-team.9b86a579.svg,,ok,,901c48a904310d681946613c537d6e64eec12160
CAF,🇳🇪 Niger,niger,https://football-logos.cc/niger/niger-national-team/,https://assets.football-logos.cc/logos/niger/1500x1500/niger-national-team.94b123f1.png,C:\Temp\national-badges\CAF\niger.png,https://assets.football-logos.cc/logos/niger/svg/niger-national-team.94b123f1.svg,,ok,,ec41e97e274cc2b188d357deb1442ac3b7bf2850
CAF,🇳🇬 Nigeria,nigeria,https://football-logos.cc/nigeria/nigeria-national-team/,https://assets.football-logos.cc/logos/nigeria/1500x1500/nigeria-national-team.248d2d1c.png,C:\Temp\national-badges\CAF\nigeria.png,https://assets.football-logos.cc/logos/nigeria/svg/nigeria-national-team.248d2d1c.svg,,ok,,1b35759e886a09dc08d77f6db2f423e32e8c1492
CAF,🇷🇼 Rwanda,rwanda,https://football-logos.cc/rwanda/rwanda-national-team/,https://assets.football-logos.cc/logos/rwanda/1500x1500/rwanda-national-team.faf0b4b5.png,C:\Temp\national-badges\CAF\rwanda.png,https://assets.football-logos.cc/logos/rwanda/svg/rwanda-national-team.faf0b4b5.svg,,ok,,bf82d804f85b5f2b5d6640000c3df1427f25db65
CAF,🇸🇨 Seychelles,seychelles,https://football-logos.cc/seychelles/seychelles-national-team/,https://assets.football-logos.cc/logos/seychelles/1500x1500/seychelles-national-team.17dd38b1.png,C:\Temp\national-badges\CAF\seychelles.png,https://assets.football-logos.cc/logos/seychelles/svg/seychelles-national-team.17dd38b1.svg,,ok,,2e3f55e9008c7cc70d149c57205d1c6960dbe690
CAF,🇸🇩 Sudan,sudan,https://football-logos.cc/sudan/sudan-national-team/,https://assets.football-logos.cc/logos/sudan/1500x1500/sudan-national-team.10024c82.png,C:\Temp\national-badges\CAF\sudan.png,https://assets.football-logos.cc/logos/sudan/svg/sudan-national-team.10024c82.svg,,ok,,eb0673b894c701f3c1f13a21134adcff8ef84b93
CAF,🇸🇱 Sierra Leone,sierra-leone,https://football-logos.cc/sierra-leone/sierra-leone-national-team/,https://assets.football-logos.cc/logos/sierra-leone/1500x1500/sierra-leone-national-team.28510cbf.png,C:\Temp\national-badges\CAF\sierra-leone.png,https://assets.football-logos.cc/logos/sierra-leone/svg/sierra-leone-national-team.28510cbf.svg,,ok,,b23e3633e2163488a2d179044684cce6a89617b2
CAF,🇸🇳 Senegal,senegal,https://football-logos.cc/senegal/senegal-national-team/,https://assets.football-logos.cc/logos/senegal/1500x1500/senegal-national-team.87192f29.png,C:\Temp\national-badges\CAF\senegal.png,https://assets.football-logos.cc/logos/senegal/svg/senegal-national-team.87192f29.svg,,ok,,04c971fff199ca2ee899fcb45022eccdad544b9f
CAF,🇸🇴 Somalia,somalia,https://football-logos.cc/somalia/somalia-national-team/,https://assets.football-logos.cc/logos/somalia/1500x1500/somalia-national-team.7bb498c4.png,C:\Temp\national-badges\CAF\somalia.png,https://assets.football-logos.cc/logos/somalia/svg/somalia-national-team.7bb498c4.svg,,ok,,54ea0f2a7cc893fe7b235bbf560d28890c31894c
CAF,🇸🇸 South Sudan,south-sudan,https://football-logos.cc/south-sudan/south-sudan-national-team/,https://assets.football-logos.cc/logos/south-sudan/1500x1500/south-sudan-national-team.f589f079.png,C:\Temp\national-badges\CAF\south-sudan.png,https://assets.football-logos.cc/logos/south-sudan/svg/south-sudan-national-team.f589f079.svg,,ok,,2fa73c93bcd100cf2e36516b0ea3f9fa828f4139
CAF,🇸🇹 Sao Tome and Principe,sao-tome-and-principe,https://football-logos.cc/sao-tome-and-principe/sao-tome-and-principe-national-team/,https://assets.football-logos.cc/logos/sao-tome-and-principe/1500x1500/sao-tome-and-principe-national-team.bfc7f4b8.png,C:\Temp\national-badges\CAF\sao-tome-and-principe.png,https://assets.football-logos.cc/logos/sao-tome-and-principe/svg/sao-tome-and-principe-national-team.bfc7f4b8.svg,,ok,,e097371e5bd3262d05ae720d76e3a4addfa88705
CAF,🇸🇿 Eswatini,eswatini,https://football-logos.cc/eswatini/eswatini-national-team/,https://assets.football-logos.cc/logos/eswatini/1500x1500/eswatini-national-team.f10a91cb.png,C:\Temp\national-badges\CAF\eswatini.png,https://assets.football-logos.cc/logos/eswatini/svg/eswatini-national-team.f10a91cb.svg,,ok,,4bfd12602066a8ee651b68fbcecefcc0b85e4230
CAF,🇹🇩 Chad,chad,https://football-logos.cc/chad/chad-national-team/,https://assets.football-logos.cc/logos/chad/1500x1500/chad-national-team.0edf66ed.png,C:\Temp\national-badges\CAF\chad.png,https://assets.football-logos.cc/logos/chad/svg/chad-national-team.0edf66ed.svg,,ok,,3ef2a7bbbc82ca0d43d1e07df282bd99a973b606
CAF,🇹🇬 Togo,togo,https://football-logos.cc/togo/togo-national-team/,https://assets.football-logos.cc/logos/togo/1500x1500/togo-national-team.5b97f19e.png,C:\Temp\national-badges\CAF\togo.png,https://assets.football-logos.cc/logos/togo/svg/togo-national-team.5b97f19e.svg,,ok,,130c4de725a2dd0f870178a3b2bd52039f01f6a1
CAF,🇹🇳 Tunisia,tunisia,https://football-logos.cc/tunisia/tunisia-national-team/,https://assets.football-logos.cc/logos/tunisia/1500x1500/tunisia-national-team.0ae62b2f.png,C:\Temp\national-badges\CAF\tunisia.png,https://assets.football-logos.cc/logos/tunisia/svg/tunisia-national-team.0ae62b2f.svg,,ok,,dda86a0e9bfe246885ac4977a7938024d568ee31
CAF,🇹🇿 Tanzania,tanzania,https://football-logos.cc/tanzania/tanzania-national-team/,https://assets.football-logos.cc/logos/tanzania/1500x1500/tanzania-national-team.a69ad535.png,C:\Temp\national-badges\CAF\tanzania.png,https://assets.football-logos.cc/logos/tanzania/svg/tanzania-national-team.a69ad535.svg,,ok,,50de6a5d8880516bb8e4a4b3d92d408c253359ae
CAF,🇺🇬 Uganda,uganda,https://football-logos.cc/uganda/uganda-national-team/,https://assets.football-logos.cc/logos/uganda/1500x1500/uganda-national-team.4fe89990.png,C:\Temp\national-badges\CAF\uganda.png,https://assets.football-logos.cc/logos/uganda/svg/uganda-national-team.4fe89990.svg,,ok,,6280fe03b8c321c427090367c16245f425c9a241
CAF,🇿🇦 South Africa,south-africa,https://football-logos.cc/south-africa/south-africa-national-team/,https://assets.football-logos.cc/logos/south-africa/1500x1500/south-africa-national-team.69ffdba0.png,C:\Temp\national-badges\CAF\south-africa.png,https://assets.football-logos.cc/logos/south-africa/svg/south-africa-national-team.69ffdba0.svg,,ok,,31a36687ecf8206c48dc464dd6fe1e7c2f11a919
CAF,🇿🇲 Zambia,zambia,https://football-logos.cc/zambia/zambia-national-team/,https://assets.football-logos.cc/logos/zambia/1500x1500/zambia-national-team.cd8c6bda.png,C:\Temp\national-badges\CAF\zambia.png,https://assets.football-logos.cc/logos/zambia/svg/zambia-national-team.cd8c6bda.svg,,ok,,6b8c3f692d1555da8d126c935ed72c0b90ff084e
CAF,🇿🇼 Zimbabwe,zimbabwe,https://football-logos.cc/zimbabwe/zimbabwe-national-team/,https://assets.football-logos.cc/logos/zimbabwe/1500x1500/zimbabwe-national-team.63e8322b.png,C:\Temp\national-badges\CAF\zimbabwe.png,https://assets.football-logos.cc/logos/zimbabwe/svg/zimbabwe-national-team.63e8322b.svg,,ok,,35e4980bb9cbb561a846ebdd787b58d7b9f2d8e8
CONCACAF,🇦🇬 Antigua and Barbuda,antigua-and-barbuda,https://football-logos.cc/antigua-and-barbuda/antigua-and-barbuda-national-team/,https://assets.football-logos.cc/logos/antigua-and-barbuda/1500x1500/antigua-and-barbuda-national-team.f3717968.png,C:\Temp\national-badges\CONCACAF\antigua-and-barbuda.png,https://assets.football-logos.cc/logos/antigua-and-barbuda/svg/antigua-and-barbuda-national-team.f3717968.svg,,ok,,a51882f67f2dc811aae0a490090a77295d036591
CONCACAF,🇦🇮 Anguilla,anguilla,https://football-logos.cc/anguilla/anguilla-national-team/,https://assets.football-logos.cc/logos/anguilla/1500x1500/anguilla-national-team.41c739c3.png,C:\Temp\national-badges\CONCACAF\anguilla.png,https://assets.football-logos.cc/logos/anguilla/svg/anguilla-national-team.41c739c3.svg,,ok,,69a5c8f254065588bcf74cc31ba260c9dfc6866f
CONCACAF,🇦🇼 Aruba,aruba,https://football-logos.cc/aruba/aruba-national-team/,https://assets.football-logos.cc/logos/aruba/1500x1500/aruba-national-team.78cdccf9.png,C:\Temp\national-badges\CONCACAF\aruba.png,https://assets.football-logos.cc/logos/aruba/svg/aruba-national-team.78cdccf9.svg,,ok,,a336dc604c2befb700e05393ef45b670096350ef
CONCACAF,🇧🇧 Barbados,barbados,https://football-logos.cc/barbados/barbados-national-team/,https://assets.football-logos.cc/logos/barbados/1500x1500/barbados-national-team.43872285.png,C:\Temp\national-badges\CONCACAF\barbados.png,https://assets.football-logos.cc/logos/barbados/svg/barbados-national-team.43872285.svg,,ok,,d46862e816381b0e881c9c78c9a21e3356606fdd
CONCACAF,🇧🇲 Bermuda,bermuda,https://football-logos.cc/bermuda/bermuda-national-team/,https://assets.football-logos.cc/logos/bermuda/1500x1500/bermuda-national-team.c5e43478.png,C:\Temp\national-badges\CONCACAF\bermuda.png,https://assets.football-logos.cc/logos/bermuda/svg/bermuda-national-team.c5e43478.svg,,ok,,a0eeb021b7d71ea0fbbf795e819abb5095a51731
CONCACAF,🇧🇶 Bonaire,bonaire,https://football-logos.cc/bonaire/bonaire-national-team/,https://assets.football-logos.cc/logos/bonaire/1500x1500/bonaire-national-team.f84b18e0.png,C:\Temp\national-badges\CONCACAF\bonaire.png,https://assets.football-logos.cc/logos/bonaire/svg/bonaire-national-team.f84b18e0.svg,,ok,,22d97b2880aa6fe0f19f67fdc6c1b4eafe05c782
CONCACAF,🇧🇸 Bahamas,bahamas,https://football-logos.cc/bahamas/bahamas-national-team/,https://assets.football-logos.cc/logos/bahamas/1500x1500/bahamas-national-team.59c6135e.png,C:\Temp\national-badges\CONCACAF\bahamas.png,https://assets.football-logos.cc/logos/bahamas/svg/bahamas-national-team.59c6135e.svg,,ok,,8a63481ccb2fed445c14ae23fcd1b6694b496ee3
CONCACAF,🇧🇿 Belize,belize,https://football-logos.cc/belize/belize-national-team/,https://assets.football-logos.cc/logos/belize/1500x1500/belize-national-team.7b526ccc.png,C:\Temp\national-badges\CONCACAF\belize.png,https://assets.football-logos.cc/logos/belize/svg/belize-national-team.7b526ccc.svg,,ok,,af6d1d486936cb0a0347a6e86ee04317e33f4a8f
CONCACAF,🇨🇦 Canada,canada,https://football-logos.cc/canada/canada-national-team/,https://assets.football-logos.cc/logos/canada/1500x1500/canada-national-team.59961a8a.png,C:\Temp\national-badges\CONCACAF\canada.png,https://assets.football-logos.cc/logos/canada/svg/canada-national-team.59961a8a.svg,,ok,,5bc12048c524a1c63c90e95adf99c2ccfef8fe42
CONCACAF,🇨🇷 Costa Rica,costa-rica,https://football-logos.cc/costa-rica/costa-rica-national-team/,https://assets.football-logos.cc/logos/costa-rica/1500x1500/costa-rica-national-team.197511db.png,C:\Temp\national-badges\CONCACAF\costa-rica.png,https://assets.football-logos.cc/logos/costa-rica/svg/costa-rica-national-team.197511db.svg,,ok,,c046c7a335a26375678ad778c1dafca052fdadbc
CONCACAF,🇨🇺 Cuba,cuba,https://football-logos.cc/cuba/cuba-national-team/,https://assets.football-logos.cc/logos/cuba/1500x1500/cuba-national-team.5cecd7eb.png,C:\Temp\national-badges\CONCACAF\cuba.png,https://assets.football-logos.cc/logos/cuba/svg/cuba-national-team.5cecd7eb.svg,,ok,,6f39d25ed655f1ac28a22d46f981b460fc0dcf0f
CONCACAF,🇨🇼 Curacao,curacao,https://football-logos.cc/curacao/curacao-national-team/,https://assets.football-logos.cc/logos/curacao/1500x1500/curacao-national-team.2798e991.png,C:\Temp\national-badges\CONCACAF\curacao.png,https://assets.football-logos.cc/logos/curacao/svg/curacao-national-team.2798e991.svg,,ok,,450e0c03e5b092265d10f215e364b4e117dd4420
CONCACAF,🇩🇲 Dominica,dominica,https://football-logos.cc/dominica/dominica-national-team/,https://assets.football-logos.cc/logos/dominica/1500x1500/dominica-national-team.bfd66156.png,C:\Temp\national-badges\CONCACAF\dominica.png,https://assets.football-logos.cc/logos/dominica/svg/dominica-national-team.bfd66156.svg,,ok,,3b3d331e44bf8d7cc9443a0e565432e97a75ba19
CONCACAF,🇩🇴 Dominican Republic,dominican-republic,https://football-logos.cc/dominican-republic/dominican-republic-national-team/,https://assets.football-logos.cc/logos/dominican-republic/1500x1500/dominican-republic-national-team.d96fcba8.png,C:\Temp\national-badges\CONCACAF\dominican-republic.png,https://assets.football-logos.cc/logos/dominican-republic/svg/dominican-republic-national-team.d96fcba8.svg,,ok,,e2c1ee86d5f2b3e73e680b5d68c939b743f6cde8
CONCACAF,🇬🇩 Grenada,grenada,https://football-logos.cc/grenada/grenada-national-team/,https://assets.football-logos.cc/logos/grenada/1500x1500/grenada-national-team.e9a7ce95.png,C:\Temp\national-badges\CONCACAF\grenada.png,https://assets.football-logos.cc/logos/grenada/svg/grenada-national-team.e9a7ce95.svg,,ok,,d32c10ef223c31ee30c6288ff4defad425ca65b6
CONCACAF,🇬🇵 Guadeloupe,guadeloupe,https://football-logos.cc/guadeloupe/guadeloupe-national-team/,https://assets.football-logos.cc/logos/guadeloupe/1500x1500/guadeloupe-national-team.31bb33e9.png,C:\Temp\national-badges\CONCACAF\guadeloupe.png,https://assets.football-logos.cc/logos/guadeloupe/svg/guadeloupe-national-team.31bb33e9.svg,,ok,,8943394f1ab5f4f5da747489b305a19e54b40d39
CONCACAF,🇬🇹 Guatemala,guatemala,https://football-logos.cc/guatemala/guatemala-national-team/,https://assets.football-logos.cc/logos/guatemala/1500x1500/guatemala-national-team.8696f142.png,C:\Temp\national-badges\CONCACAF\guatemala.png,https://assets.football-logos.cc/logos/guatemala/svg/guatemala-national-team.8696f142.svg,,ok,,fa40b247e1e820486d5913698a35a62b5b935b88
CONCACAF,🇬🇾 Guyana,guyana,https://football-logos.cc/guyana/guyana-national-team/,https://assets.football-logos.cc/logos/guyana/1500x1500/guyana-national-team.062b305b.png,C:\Temp\national-badges\CONCACAF\guyana.png,https://assets.football-logos.cc/logos/guyana/svg/guyana-national-team.062b305b.svg,,ok,,3df35061601e90504e9302220e40c16cdac50d51
CONCACAF,🇭🇳 Honduras,honduras,https://football-logos.cc/honduras/honduras-national-team/,https://assets.football-logos.cc/logos/honduras/1500x1500/honduras-national-team.9c34a077.png,C:\Temp\national-badges\CONCACAF\honduras.png,https://assets.football-logos.cc/logos/honduras/svg/honduras-national-team.9c34a077.svg,,ok,,fff2230395d017390675c3c9d9cf0d9d1e8b8413
CONCACAF,🇭🇹 Haiti,haiti,https://football-logos.cc/haiti/haiti-national-team/,https://assets.football-logos.cc/logos/haiti/1500x1500/haiti-national-team.a861763a.png,C:\Temp\national-badges\CONCACAF\haiti.png,https://assets.football-logos.cc/logos/haiti/svg/haiti-national-team.a861763a.svg,,ok,,1a31a0693cfefc9036bdf19fd8475c68a386ef29
CONCACAF,🇯🇲 Jamaica,jamaica,https://football-logos.cc/jamaica/jamaica-national-team/,https://assets.football-logos.cc/logos/jamaica/1500x1500/jamaica-national-team.143c78a5.png,C:\Temp\national-badges\CONCACAF\jamaica.png,https://assets.football-logos.cc/logos/jamaica/svg/jamaica-national-team.143c78a5.svg,,ok,,8da09c87d97e968ca333b12dcbf63649bd86fbbd
CONCACAF,🇰🇳 St Kitts and Nevis,st-kitts-and-nevis,https://football-logos.cc/st-kitts-and-nevis/st-kitts-and-nevis-national-team/,https://assets.football-logos.cc/logos/st-kitts-and-nevis/1500x1500/st-kitts-and-nevis-national-team.1106f085.png,C:\Temp\national-badges\CONCACAF\st-kitts-and-nevis.png,https://assets.football-logos.cc/logos/st-kitts-and-nevis/svg/st-kitts-and-nevis-national-team.1106f085.svg,,ok,,c399c56447cebb2656a9696773f858d7775cba33
CONCACAF,🇰🇾 Cayman Islands,cayman-islands,https://football-logos.cc/cayman-islands/cayman-islands-national-team/,https://assets.football-logos.cc/logos/cayman-islands/1500x1500/cayman-islands-national-team.a0886757.png,C:\Temp\national-badges\CONCACAF\cayman-islands.png,https://assets.football-logos.cc/logos/cayman-islands/svg/cayman-islands-national-team.a0886757.svg,,ok,,886adabaa5b4da3ff6fe50ea4156038e6535b588
CONCACAF,🇱🇨 Saint Lucia,saint-lucia,https://football-logos.cc/saint-lucia/saint-lucia-national-team/,https://assets.football-logos.cc/logos/saint-lucia/1500x1500/saint-lucia-national-team.65bde8c0.png,C:\Temp\national-badges\CONCACAF\saint-lucia.png,https://assets.football-logos.cc/logos/saint-lucia/svg/saint-lucia-national-team.65bde8c0.svg,,ok,,c38291eb9118f8b7fb9e988f7e1e41a379e8feeb
CONCACAF,🇲🇶 Martinique,martinique,https://football-logos.cc/martinique/martinique-national-team/,https://assets.football-logos.cc/logos/martinique/1500x1500/martinique-national-team.57439fdc.png,C:\Temp\national-badges\CONCACAF\martinique.png,https://assets.football-logos.cc/logos/martinique/svg/martinique-national-team.57439fdc.svg,,ok,,265953c9d79306c28aeca46c4790273b5432bd2d
CONCACAF,🇲🇸 Montserrat,montserrat,https://football-logos.cc/montserrat/montserrat-national-team/,https://assets.football-logos.cc/logos/montserrat/1500x1500/montserrat-national-team.89102c52.png,C:\Temp\national-badges\CONCACAF\montserrat.png,https://assets.football-logos.cc/logos/montserrat/svg/montserrat-national-team.89102c52.svg,,ok,,71ee742f61bf11aa63e43ccfb5ecf3ba3da54cc4
CONCACAF,🇲🇽 Mexico,mexico,https://football-logos.cc/mexico/mexico-national-team/,https://assets.football-logos.cc/logos/mexico/1500x1500/mexico-national-team.17c86184.png,C:\Temp\national-badges\CONCACAF\mexico.png,https://assets.football-logos.cc/logos/mexico/svg/mexico-national-team.17c86184.svg,,ok,,c621729e60bbfef841ac6f4e0dd85e60c8f8f5ee
CONCACAF,🇳🇮 Nicaragua,nicaragua,https://football-logos.cc/nicaragua/nicaragua-national-team/,https://assets.football-logos.cc/logos/nicaragua/1500x1500/nicaragua-national-team.c337e160.png,C:\Temp\national-badges\CONCACAF\nicaragua.png,https://assets.football-logos.cc/logos/nicaragua/svg/nicaragua-national-team.c337e160.svg,,ok,,d9196c64cb94984f1d58630f1b0cbd08a72992d3
CONCACAF,🇵🇦 Panama,panama,https://football-logos.cc/panama/panama-national-team/,https://assets.football-logos.cc/logos/panama/1500x1500/panama-national-team.66beecfd.png,C:\Temp\national-badges\CONCACAF\panama.png,https://assets.football-logos.cc/logos/panama/svg/panama-national-team.66beecfd.svg,,ok,,e3c021191f9fee2482ba37b8e983ab7f438aed04
CONCACAF,🇵🇷 Puerto Rico,puerto-rico,https://football-logos.cc/puerto-rico/puerto-rico-national-team/,https://assets.football-logos.cc/logos/puerto-rico/1500x1500/puerto-rico-national-team.e8d1f459.png,C:\Temp\national-badges\CONCACAF\puerto-rico.png,https://assets.football-logos.cc/logos/puerto-rico/svg/puerto-rico-national-team.e8d1f459.svg,,ok,,4bf4c37811ed755af85600f5ffb8c37721c9448b
CONCACAF,🇸🇷 Suriname,suriname,https://football-logos.cc/suriname/suriname-national-team/,https://assets.football-logos.cc/logos/suriname/1500x1500/suriname-national-team.54fcf577.png,C:\Temp\national-badges\CONCACAF\suriname.png,https://assets.football-logos.cc/logos/suriname/svg/suriname-national-team.54fcf577.svg,,ok,,2fe16ba7a68b21457407bbb63fe599a55d68e782
CONCACAF,🇸🇻 El Salvador,el-salvador,https://football-logos.cc/el-salvador/el-salvador-national-team/,https://assets.football-logos.cc/logos/el-salvador/1500x1500/el-salvador-national-team.4e71ad14.png,C:\Temp\national-badges\CONCACAF\el-salvador.png,https://assets.football-logos.cc/logos/el-salvador/svg/el-salvador-national-team.4e71ad14.svg,,ok,,41bc48e79c5cac124e034e025c0095e7ecdadaf4
CONCACAF,🇸🇽 Saint Martin,saint-martin,https://football-logos.cc/saint-martin/saint-martin-national-team/,https://assets.football-logos.cc/logos/saint-martin/1500x1500/saint-martin-national-team.a2cc69d6.png,C:\Temp\national-badges\CONCACAF\saint-martin.png,https://assets.football-logos.cc/logos/saint-martin/svg/saint-martin-national-team.a2cc69d6.svg,,ok,,f1571b8960cfcaf2318199203a6905c3c628bd34
CONCACAF,🇹🇨 Turks and Caicos Islands,turks-and-caicos-islands,https://football-logos.cc/turks-and-caicos-islands/turks-and-caicos-islands-national-team/,https://assets.football-logos.cc/logos/turks-and-caicos-islands/1500x1500/turks-and-caicos-islands-national-team.b265edb7.png,C:\Temp\national-badges\CONCACAF\turks-and-caicos-islands.png,https://assets.football-logos.cc/logos/turks-and-caicos-islands/svg/turks-and-caicos-islands-national-team.b265edb7.svg,,ok,,6bcee32faf97bd86aefa76e46667a87ed8f0208b
CONCACAF,🇹🇹 Trinidad and Tobago,trinidad-and-tobago,https://football-logos.cc/trinidad-and-tobago/trinidad-and-tobago-national-team/,https://assets.football-logos.cc/logos/trinidad-and-tobago/1500x1500/trinidad-and-tobago-national-team.667fe72b.png,C:\Temp\national-badges\CONCACAF\trinidad-and-tobago.png,https://assets.football-logos.cc/logos/trinidad-and-tobago/svg/trinidad-and-tobago-national-team.667fe72b.svg,,ok,,b74ced468fbc37097716ac1b89dd63913102af35
CONCACAF,🇺🇸 USA,usa,https://football-logos.cc/usa/usa-national-team/,https://assets.football-logos.cc/logos/usa/1500x1500/usa-national-team.e66d4bfb.png,C:\Temp\national-badges\CONCACAF\usa.png,https://assets.football-logos.cc/logos/usa/svg/usa-national-team.e66d4bfb.svg,,ok,,9d6193c37f4d04fbc6c7dcabe8c6c5bd1f16843a
CONCACAF,🇻🇨 Saint Vincent and the Grenadines,saint-vincent-and-the-grenadines,https://football-logos.cc/saint-vincent-and-the-grenadines/saint-vincent-and-the-grenadines-national-team/,https://assets.football-logos.cc/logos/saint-vincent-and-the-grenadines/1500x1500/saint-vincent-and-the-grenadines-national-team.8b6646b6.png,C:\Temp\national-badges\CONCACAF\saint-vincent-and-the-grenadines.png,https://assets.football-logos.cc/logos/saint-vincent-and-the-grenadines/svg/saint-vincent-and-the-grenadines-national-team.8b6646b6.svg,,ok,,fc1500b8f2b8891063a40e6be00a0116cb26c7fa
CONCACAF,🇻🇬 British Virgin Islands,british-virgin-islands,https://football-logos.cc/british-virgin-islands/british-virgin-islands-national-team/,https://assets.football-logos.cc/logos/british-virgin-islands/1500x1500/british-virgin-islands-national-team.021850b0.png,C:\Temp\national-badges\CONCACAF\british-virgin-islands.png,https://assets.football-logos.cc/logos/british-virgin-islands/svg/british-virgin-islands-national-team.021850b0.svg,,ok,,688648d3115a76c40213bfe24cc7bcdde2f8c793
CONCACAF,🇻🇮 U.S. Virgin Islands,u-s-virgin-islands,https://football-logos.cc/us-virgin-islands/us-virgin-islands-national-team/,https://assets.football-logos.cc/logos/us-virgin-islands/1500x1500/us-virgin-islands-national-team.e53c0e41.png,C:\Temp\national-badges\CONCACAF\u-s-virgin-islands.png,https://assets.football-logos.cc/logos/us-virgin-islands/svg/us-virgin-islands-national-team.e53c0e41.svg,,ok,,a5cdf0e2d4f8df089bddf9f389be7eeb0fa6f225
CONMEBOL,🇦🇷 Argentina,argentina,https://football-logos.cc/argentina/argentina-national-team/,https://assets.football-logos.cc/logos/argentina/1500x1500/argentina-national-team.25139a90.png,C:\Temp\national-badges\CONMEBOL\argentina.png,https://assets.football-logos.cc/logos/argentina/svg/argentina-national-team.25139a90.svg,,ok,,161189d92be1f3a00584673dd6faff1858a6657c
CONMEBOL,🇧🇴 Bolivia,bolivia,https://football-logos.cc/bolivia/bolivia-national-team/,https://assets.football-logos.cc/logos/bolivia/1500x1500/bolivia-national-team.2762cb79.png,C:\Temp\national-badges\CONMEBOL\bolivia.png,https://assets.football-logos.cc/logos/bolivia/svg/bolivia-national-team.2762cb79.svg,,ok,,0833f38c6782012e179fe867680935f941c30b89
CONMEBOL,🇧🇷 Brazil,brazil,https://football-logos.cc/brazil/brazil-national-team/,https://assets.football-logos.cc/logos/brazil/1500x1500/brazil-national-team.85d32216.png,C:\Temp\national-badges\CONMEBOL\brazil.png,https://assets.football-logos.cc/logos/brazil/svg/brazil-national-team.85d32216.svg,,ok,,510130131b08ffe6420a8fa854febdef04e46900
CONMEBOL,🇨🇱 Chile,chile,https://football-logos.cc/chile/chile-national-team/,https://assets.football-logos.cc/logos/chile/1500x1500/chile-national-team.be506f25.png,C:\Temp\national-badges\CONMEBOL\chile.png,https://assets.football-logos.cc/logos/chile/svg/chile-national-team.be506f25.svg,,ok,,b5d7991884c9844c702e0a597daeffdefc072cde
CONMEBOL,🇨🇴 Colombia,colombia,https://football-logos.cc/colombia/colombia-national-team/,https://assets.football-logos.cc/logos/colombia/1500x1500/colombia-national-team.c34b0b53.png,C:\Temp\national-badges\CONMEBOL\colombia.png,https://assets.football-logos.cc/logos/colombia/svg/colombia-national-team.c34b0b53.svg,,ok,,11656094c4861cf7a1bca860a4248fc1a44af2a6
CONMEBOL,🇪🇨 Ecuador,ecuador,https://football-logos.cc/ecuador/ecuador-national-team/,https://assets.football-logos.cc/logos/ecuador/1500x1500/ecuador-national-team.9587f28a.png,C:\Temp\national-badges\CONMEBOL\ecuador.png,https://assets.football-logos.cc/logos/ecuador/svg/ecuador-national-team.9587f28a.svg,,ok,,5b926e5f16f3f06475a66f2e56026ae3318f8f39
CONMEBOL,🇵🇪 Peru,peru,https://football-logos.cc/peru/peru-national-team/,https://assets.football-logos.cc/logos/peru/1500x1500/peru-national-team.c6c91c36.png,C:\Temp\national-badges\CONMEBOL\peru.png,https://assets.football-logos.cc/logos/peru/svg/peru-national-team.c6c91c36.svg,,ok,,66375aa5b8bddf833114660cc17cabcaeb817837
CONMEBOL,🇵🇾 Paraguay,paraguay,https://football-logos.cc/paraguay/paraguay-national-team/,https://assets.football-logos.cc/logos/paraguay/1500x1500/paraguay-national-team.e593a7cf.png,C:\Temp\national-badges\CONMEBOL\paraguay.png,https://assets.football-logos.cc/logos/paraguay/svg/paraguay-national-team.e593a7cf.svg,,ok,,7d3558ff9eb28e730b8ae588e761886cd1ff48ff
CONMEBOL,🇺🇾 Uruguay,uruguay,https://football-logos.cc/uruguay/uruguay-national-team/,https://assets.football-logos.cc/logos/uruguay/1500x1500/uruguay-national-team.cebe78ec.png,C:\Temp\national-badges\CONMEBOL\uruguay.png,https://assets.football-logos.cc/logos/uruguay/svg/uruguay-national-team.cebe78ec.svg,,ok,,623e48ac2675a5d4889d52ebc66cdd3cf386b2e6
CONMEBOL,🇻🇪 Venezuela,venezuela,https://football-logos.cc/venezuela/venezuela-national-team/,https://assets.football-logos.cc/logos/venezuela/1500x1500/venezuela-national-team.1f6ada23.png,C:\Temp\national-badges\CONMEBOL\venezuela.png,https://assets.football-logos.cc/logos/venezuela/svg/venezuela-national-team.1f6ada23.svg,,ok,,0676c0bc72a95da86d56df90cad78b241698d62e
OFC,🇦🇸 American Samoa,american-samoa,https://football-logos.cc/american-samoa/american-samoa-national-team/,https://assets.football-logos.cc/logos/american-samoa/1500x1500/american-samoa-national-team.28d633fd.png,C:\Temp\national-badges\OFC\american-samoa.png,https://assets.football-logos.cc/logos/american-samoa/svg/american-samoa-national-team.28d633fd.svg,,ok,,a8f431b28a96b5ea03160d5cef11826d6e46ae1d
OFC,🇫🇯 Fiji,fiji,https://football-logos.cc/fiji/fiji-national-team/,https://assets.football-logos.cc/logos/fiji/1500x1500/fiji-national-team.7f88230e.png,C:\Temp\national-badges\OFC\fiji.png,https://assets.football-logos.cc/logos/fiji/svg/fiji-national-team.7f88230e.svg,,ok,,bf6de84d38ddb713b3f4bf9ebef5d66730c9daf0
OFC,🇰🇮 Kiribati,kiribati,https://football-logos.cc/kiribati/kiribati-national-team/,https://assets.football-logos.cc/logos/kiribati/1500x1500/kiribati-national-team.3eb46cd5.png,C:\Temp\national-badges\OFC\kiribati.png,https://assets.football-logos.cc/logos/kiribati/svg/kiribati-national-team.3eb46cd5.svg,,ok,,a011f4275b8891ff395e811369d80e9356d9fe9f
OFC,🇳🇨 New Caledonia,new-caledonia,https://football-logos.cc/new-caledonia/new-caledonia-national-team/,https://assets.football-logos.cc/logos/new-caledonia/1500x1500/new-caledonia-national-team.a35c1822.png,C:\Temp\national-badges\OFC\new-caledonia.png,https://assets.football-logos.cc/logos/new-caledonia/svg/new-caledonia-national-team.a35c1822.svg,,ok,,4b430e55e69e47fd98fbe45c8f0a5efd2cab50ca
OFC,🇳🇷 Nauru,nauru,https://football-logos.cc/nauru/nauru-national-team/,https://assets.football-logos.cc/logos/nauru/1500x1500/nauru-national-team.aeb6e6e1.png,C:\Temp\national-badges\OFC\nauru.png,https://assets.football-logos.cc/logos/nauru/svg/nauru-national-team.aeb6e6e1.svg,,ok,,d45a39792d690216e44dc276b027ff17b5ffedf2
OFC,🇳🇿 New Zealand,new-zealand,https://football-logos.cc/new-zealand/new-zealand-national-team/,https://assets.football-logos.cc/logos/new-zealand/1500x1500/new-zealand-national-team.8d95187f.png,C:\Temp\national-badges\OFC\new-zealand.png,https://assets.football-logos.cc/logos/new-zealand/svg/new-zealand-national-team.8d95187f.svg,,ok,,9e7748e532a182908f832ce5987dab2b837bdc6e
OFC,🇵🇬 Papua New Guinea,papua-new-guinea,https://football-logos.cc/papua-new-guinea/papua-new-guinea-national-team/,https://assets.football-logos.cc/logos/papua-new-guinea/1500x1500/papua-new-guinea-national-team.cebf98de.png,C:\Temp\national-badges\OFC\papua-new-guinea.png,https://assets.football-logos.cc/logos/papua-new-guinea/svg/papua-new-guinea-national-team.cebf98de.svg,,ok,,f659ef6794ae51c6a572ab06e0497970d53b9fb6
OFC,🇵🇼 Palau,palau,https://football-logos.cc/palau/palau-national-team/,https://assets.football-logos.cc/logos/palau/1500x1500/palau-national-team.7b0f51dd.png,C:\Temp\national-badges\OFC\palau.png,https://assets.football-logos.cc/logos/palau/svg/palau-national-team.7b0f51dd.svg,,ok,,8dd37fe7de837ccad1e5e3981ff52ec797003f11
OFC,🇸🇧 Solomon Islands,solomon-islands,https://football-logos.cc/solomon-islands/solomon-islands-national-team/,https://assets.football-logos.cc/logos/solomon-islands/1500x1500/solomon-islands-national-team.aa6a832a.png,C:\Temp\national-badges\OFC\solomon-islands.png,https://assets.football-logos.cc/logos/solomon-islands/svg/solomon-islands-national-team.aa6a832a.svg,,ok,,f6830db273a8aa4045a670023a4f501b959c4b5e
OFC,🇹🇴 Tonga,tonga,https://football-logos.cc/tonga/tonga-national-team/,https://assets.football-logos.cc/logos/tonga/1500x1500/tonga-national-team.16c53565.png,C:\Temp\national-badges\OFC\tonga.png,https://assets.football-logos.cc/logos/tonga/svg/tonga-national-team.16c53565.svg,,ok,,ff6a09c0ede8173b5eec94aa6cbe07a846a6bcf3
OFC,🇹🇻 Tuvalu,tuvalu,https://football-logos.cc/tuvalu/tuvalu-national-team/,https://assets.football-logos.cc/logos/tuvalu/1500x1500/tuvalu-national-team.5847f5fb.png,C:\Temp\national-badges\OFC\tuvalu.png,https://assets.football-logos.cc/logos/tuvalu/svg/tuvalu-national-team.5847f5fb.svg,,ok,,39b55770dd5094a7014c36848675696dd15b196f
OFC,🇻🇺 Vanuatu,vanuatu,https://football-logos.cc/vanuatu/vanuatu-national-team/,https://assets.football-logos.cc/logos/vanuatu/1500x1500/vanuatu-national-team.33b35a31.png,C:\Temp\national-badges\OFC\vanuatu.png,https://assets.football-logos.cc/logos/vanuatu/svg/vanuatu-national-team.33b35a31.svg,,ok,,51490867d079572b72616031ace2be8f5a7ac180
OTHER,🇬🇱 Greenland,greenland,https://football-logos.cc/greenland/greenland-national-team/,https://assets.football-logos.cc/logos/greenland/1500x1500/greenland-national-team.7cec3c0e.png,C:\Temp\national-badges\OTHER\greenland.png,https://assets.football-logos.cc/logos/greenland/svg/greenland-national-team.7cec3c0e.svg,,ok,,a10413441e71fc67bb0a9ad05b960e62a06d5b24
OTHER,🏳 Catalonia,catalonia,https://football-logos.cc/catalonia/catalonia-national-team/,https://assets.football-logos.cc/logos/catalonia/1500x1500/catalonia-national-team.f03b9387.png,C:\Temp\national-badges\OTHER\catalonia.png,https://assets.football-logos.cc/logos/catalonia/svg/catalonia-national-team.f03b9387.svg,,ok,,39ef29a40c8c33f0554ba46581b0c612d2515945
OTHER,🏴 Kurdistan,kurdistan,https://football-logos.cc/kurdistan/kurdistan-national-team/,https://assets.football-logos.cc/logos/kurdistan/1500x1500/kurdistan-national-team.19a4e580.png,C:\Temp\national-badges\OTHER\kurdistan.png,https://assets.football-logos.cc/logos/kurdistan/svg/kurdistan-national-team.19a4e580.svg,,ok,,09055226d6f3945dc84048845f240acd70a1fb0d
UEFA,🇦🇩 Andorra,andorra,https://football-logos.cc/andorra/andorra-national-team/,https://assets.football-logos.cc/logos/andorra/1500x1500/andorra-national-team.a6b33475.png,C:\Temp\national-badges\UEFA\andorra.png,https://assets.football-logos.cc/logos/andorra/svg/andorra-national-team.a6b33475.svg,,ok,,d84e839b88f2ad33d63ce010a6e50529cae7056f
UEFA,🇦🇱 Albania,albania,https://football-logos.cc/albania/albania-national-team/,https://assets.football-logos.cc/logos/albania/1500x1500/albania-national-team.5fbd700f.png,C:\Temp\national-badges\UEFA\albania.png,https://assets.football-logos.cc/logos/albania/svg/albania-national-team.5fbd700f.svg,,ok,,834f6403535ca103695305d1ae1bbe3dbb012c48
UEFA,🇦🇲 Armenia,armenia,https://football-logos.cc/armenia/armenia-national-team/,https://assets.football-logos.cc/logos/armenia/1500x1500/armenia-national-team.44ef87f1.png,C:\Temp\national-badges\UEFA\armenia.png,https://assets.football-logos.cc/logos/armenia/svg/armenia-national-team.44ef87f1.svg,,ok,,41f66f4869e244c71624cbc18318efd6a312302d
UEFA,🇦🇹 Austria,austria,https://football-logos.cc/austria/austria-national-team/,https://assets.football-logos.cc/logos/austria/1500x1500/austria-national-team.263bce87.png,C:\Temp\national-badges\UEFA\austria.png,https://assets.football-logos.cc/logos/austria/svg/austria-national-team.263bce87.svg,,ok,,0629c8bc33e893ab8360f633456a103d1e13b016
UEFA,🇦🇿 Azerbaijan,azerbaijan,https://football-logos.cc/azerbaijan/azerbaijan-national-team/,https://assets.football-logos.cc/logos/azerbaijan/1500x1500/azerbaijan-national-team.96c02ef3.png,C:\Temp\national-badges\UEFA\azerbaijan.png,https://assets.football-logos.cc/logos/azerbaijan/svg/azerbaijan-national-team.96c02ef3.svg,,ok,,c9cb14141b6a5fd44ebf0dbd15d985921cc59dbd
UEFA,🇧🇦 Bosnia and Herzegovina,bosnia-and-herzegovina,https://football-logos.cc/bosnia-and-herzegovina/bosnia-and-herzegovina-national-team/,https://assets.football-logos.cc/logos/bosnia-and-herzegovina/1500x1500/bosnia-and-herzegovina-national-team.e7d1965c.png,C:\Temp\national-badges\UEFA\bosnia-and-herzegovina.png,https://assets.football-logos.cc/logos/bosnia-and-herzegovina/svg/bosnia-and-herzegovina-national-team.e7d1965c.svg,,ok,,cf067e26cbe91adb0afc0cf0560b97a7a91aa9f4
UEFA,🇧🇪 Belgium,belgium,https://football-logos.cc/belgium/belgium-national-team/,https://assets.football-logos.cc/logos/belgium/1500x1500/belgium-national-team.fa9a5779.png,C:\Temp\national-badges\UEFA\belgium.png,https://assets.football-logos.cc/logos/belgium/svg/belgium-national-team.fa9a5779.svg,,ok,,197f8ac9f4df0834f7c4da26dcbc016a3984d4ee
UEFA,🇧🇬 Bulgaria,bulgaria,https://football-logos.cc/bulgaria/bulgaria-national-team/,https://assets.football-logos.cc/logos/bulgaria/1500x1500/bulgaria-national-team.09378956.png,C:\Temp\national-badges\UEFA\bulgaria.png,https://assets.football-logos.cc/logos/bulgaria/svg/bulgaria-national-team.09378956.svg,,ok,,11557d28a8597be4cd5a35b503071e6f9cc71bd9
UEFA,🇧🇾 Belarus,belarus,https://football-logos.cc/belarus/belarus-national-team/,https://assets.football-logos.cc/logos/belarus/1500x1500/belarus-national-team.4cd3944c.png,C:\Temp\national-badges\UEFA\belarus.png,https://assets.football-logos.cc/logos/belarus/svg/belarus-national-team.4cd3944c.svg,,ok,,f27d964cbf3cdc9f9f1af4c3524639b882aa71a7
UEFA,🇨🇭 Switzerland,switzerland,https://football-logos.cc/switzerland/switzerland-national-team/,https://assets.football-logos.cc/logos/switzerland/1500x1500/switzerland-national-team.c50f88e5.png,C:\Temp\national-badges\UEFA\switzerland.png,https://assets.football-logos.cc/logos/switzerland/svg/switzerland-national-team.c50f88e5.svg,,ok,,e7248708e90dba1f7c8dc18a21a02baf6e077cf0
UEFA,🇨🇾 Cyprus,cyprus,https://football-logos.cc/cyprus/cyprus-national-team/,https://assets.football-logos.cc/logos/cyprus/1500x1500/cyprus-national-team.5ef30df8.png,C:\Temp\national-badges\UEFA\cyprus.png,https://assets.football-logos.cc/logos/cyprus/svg/cyprus-national-team.5ef30df8.svg,,ok,,c32ed894fe3ae4e92fa77fd6898a011bb7d33ff9
UEFA,🇨🇿 Czech Republic,czech-republic,https://football-logos.cc/czech-republic/czech-republic-national-team/,https://assets.football-logos.cc/logos/czech-republic/1500x1500/czech-republic-national-team.885f7471.png,C:\Temp\national-badges\UEFA\czech-republic.png,https://assets.football-logos.cc/logos/czech-republic/svg/czech-republic-national-team.885f7471.svg,,ok,,4a80328ea4a7794381f9d6aaee53e7fca9b01564
UEFA,🇩🇪 Germany,germany,https://football-logos.cc/germany/germany-national-team/,https://assets.football-logos.cc/logos/germany/1500x1500/germany-national-team.0c1f52af.png,C:\Temp\national-badges\UEFA\germany.png,https://assets.football-logos.cc/logos/germany/svg/germany-national-team.0c1f52af.svg,,ok,,d73a0f5fb3a6363b575ebe137636dc55b3948ad4
UEFA,🇩🇰 Denmark,denmark,https://football-logos.cc/denmark/denmark-national-team/,https://assets.football-logos.cc/logos/denmark/1500x1500/denmark-national-team.bc724aca.png,C:\Temp\national-badges\UEFA\denmark.png,https://assets.football-logos.cc/logos/denmark/svg/denmark-national-team.bc724aca.svg,,ok,,40fbe4570690bcc1540349ed27d657411b6aa9fa
UEFA,🇪🇪 Estonia,estonia,https://football-logos.cc/estonia/estonia-national-team/,https://assets.football-logos.cc/logos/estonia/1500x1500/estonia-national-team.785d6fb6.png,C:\Temp\national-badges\UEFA\estonia.png,https://assets.football-logos.cc/logos/estonia/svg/estonia-national-team.785d6fb6.svg,,ok,,af6c92f13517cfd9dac6e60f336fbd00e68e49fb
UEFA,🇪🇸 Spain,spain,https://football-logos.cc/spain/spain-national-team/,https://assets.football-logos.cc/logos/spain/1500x1500/spain-national-team.2ae426fa.png,C:\Temp\national-badges\UEFA\spain.png,https://assets.football-logos.cc/logos/spain/svg/spain-national-team.2ae426fa.svg,,ok,,85f29f66aa7a356028a5b2a3451625a0c07f2e17
UEFA,🇫🇮 Finland,finland,https://football-logos.cc/finland/finland-national-team/,https://assets.football-logos.cc/logos/finland/1500x1500/finland-national-team.cc6ac81c.png,C:\Temp\national-badges\UEFA\finland.png,https://assets.football-logos.cc/logos/finland/svg/finland-national-team.cc6ac81c.svg,,ok,,1f8a8fd74979c84ce79894dea238e4f78d7630b6
UEFA,🇫🇴 Faroe Islands,faroe-islands,https://football-logos.cc/faroe-islands/faroe-islands-national-team/,https://assets.football-logos.cc/logos/faroe-islands/1500x1500/faroe-islands-national-team.db12b8f5.png,C:\Temp\national-badges\UEFA\faroe-islands.png,https://assets.football-logos.cc/logos/faroe-islands/svg/faroe-islands-national-team.db12b8f5.svg,,ok,,098a309462265693dad3c3aaf0bb3cbef187d055
UEFA,🇫🇷 France,france,https://football-logos.cc/france/france-national-team/,https://assets.football-logos.cc/logos/france/1500x1500/france-national-team.fba1205a.png,C:\Temp\national-badges\UEFA\france.png,https://assets.football-logos.cc/logos/france/svg/france-national-team.fba1205a.svg,,ok,,68a3748de03bea1e2f9df2d74cd28f12aa1dab71
UEFA,🇬🇪 Georgia,georgia,https://football-logos.cc/georgia/georgia-national-team/,https://assets.football-logos.cc/logos/georgia/1500x1500/georgia-national-team.c576c286.png,C:\Temp\national-badges\UEFA\georgia.png,https://assets.football-logos.cc/logos/georgia/svg/georgia-national-team.c576c286.svg,,ok,,70c180be4085f8f5cc7e8e58a44732b939e5849d
UEFA,🇬🇮 Gibraltar,gibraltar,https://football-logos.cc/gibraltar/gibraltar-national-team/,https://assets.football-logos.cc/logos/gibraltar/1500x1500/gibraltar-national-team.60315d70.png,C:\Temp\national-badges\UEFA\gibraltar.png,https://assets.football-logos.cc/logos/gibraltar/svg/gibraltar-national-team.60315d70.svg,,ok,,6c265614343a18d58d8e2a47ec897b19d6c928b3
UEFA,🇬🇷 Greece,greece,https://football-logos.cc/greece/greece-national-team/,https://assets.football-logos.cc/logos/greece/1500x1500/greece-national-team.4256c012.png,C:\Temp\national-badges\UEFA\greece.png,https://assets.football-logos.cc/logos/greece/svg/greece-national-team.4256c012.svg,,ok,,52547dd48fc582b375dd11f7cb490f86e0d6b27f
UEFA,🇭🇷 Croatia,croatia,https://football-logos.cc/croatia/croatia-national-team/,https://assets.football-logos.cc/logos/croatia/1500x1500/croatia-national-team.88f85184.png,C:\Temp\national-badges\UEFA\croatia.png,https://assets.football-logos.cc/logos/croatia/svg/croatia-national-team.88f85184.svg,,ok,,20a6847ff4e8ecc997b220e9241345cda27e2028
UEFA,🇭🇺 Hungary,hungary,https://football-logos.cc/hungary/hungary-national-team/,https://assets.football-logos.cc/logos/hungary/1500x1500/hungary-national-team.59a1598b.png,C:\Temp\national-badges\UEFA\hungary.png,https://assets.football-logos.cc/logos/hungary/svg/hungary-national-team.59a1598b.svg,,ok,,63b5cbbf6a3230aa5e48c601797d3aa2b3e8561b
UEFA,🇮🇪 Republic of Ireland,republic-of-ireland,https://football-logos.cc/republic-of-ireland/republic-of-ireland-national-team/,https://assets.football-logos.cc/logos/republic-of-ireland/1500x1500/republic-of-ireland-national-team.8f71fe62.png,C:\Temp\national-badges\UEFA\republic-of-ireland.png,https://assets.football-logos.cc/logos/republic-of-ireland/svg/republic-of-ireland-national-team.8f71fe62.svg,,ok,,8f140cce82b49f9b646677816776e5044b84e355
UEFA,🇮🇱 Israel,israel,https://football-logos.cc/israel/israel-national-team/,https://assets.football-logos.cc/logos/israel/1500x1500/israel-national-team.a02a42ed.png,C:\Temp\national-badges\UEFA\israel.png,https://assets.football-logos.cc/logos/israel/svg/israel-national-team.a02a42ed.svg,,ok,,5281adce6a0b8910383c5c2a007bf09eec5bc18e
UEFA,🇮🇸 Iceland,iceland,https://football-logos.cc/iceland/iceland-national-team/,https://assets.football-logos.cc/logos/iceland/1500x1500/iceland-national-team.5e5f589d.png,C:\Temp\national-badges\UEFA\iceland.png,https://assets.football-logos.cc/logos/iceland/svg/iceland-national-team.5e5f589d.svg,,ok,,64b67e36529fb757372ebec23dd6f87af8af8f18
UEFA,🇮🇹 Italy,italy,https://football-logos.cc/italy/italy-national-team/,https://assets.football-logos.cc/logos/italy/1500x1500/italy-national-team.d5e3eef1.png,C:\Temp\national-badges\UEFA\italy.png,https://assets.football-logos.cc/logos/italy/svg/italy-national-team.d5e3eef1.svg,,ok,,acfd341fedf4b455e571562f50809a24c84f8978
UEFA,🇰🇿 Kazakhstan,kazakhstan,https://football-logos.cc/kazakhstan/kazakhstan-national-team/,https://assets.football-logos.cc/logos/kazakhstan/1500x1500/kazakhstan-national-team.d14ad72e.png,C:\Temp\national-badges\UEFA\kazakhstan.png,https://assets.football-logos.cc/logos/kazakhstan/svg/kazakhstan-national-team.d14ad72e.svg,,ok,,f75e46d42c622acd144334d0fdff56066fe58f06
UEFA,🇱🇮 Liechtenstein,liechtenstein,https://football-logos.cc/liechtenstein/liechtenstein-national-team/,https://assets.football-logos.cc/logos/liechtenstein/1500x1500/liechtenstein-national-team.92b68d30.png,C:\Temp\national-badges\UEFA\liechtenstein.png,https://assets.football-logos.cc/logos/liechtenstein/svg/liechtenstein-national-team.92b68d30.svg,,ok,,4bc60507bba96fe22bfd2b09c28b706762ed6c85
UEFA,🇱🇹 Lithuania,lithuania,https://football-logos.cc/lithuania/lithuania-national-team/,https://assets.football-logos.cc/logos/lithuania/1500x1500/lithuania-national-team.fb800aba.png,C:\Temp\national-badges\UEFA\lithuania.png,https://assets.football-logos.cc/logos/lithuania/svg/lithuania-national-team.fb800aba.svg,,ok,,30fc50d54fe123e752004ba3ca582ea00597c3e8
UEFA,🇱🇺 Luxembourg,luxembourg,https://football-logos.cc/luxembourg/luxembourg-national-team/,https://assets.football-logos.cc/logos/luxembourg/1500x1500/luxembourg-national-team.ca2703c4.png,C:\Temp\national-badges\UEFA\luxembourg.png,https://assets.football-logos.cc/logos/luxembourg/svg/luxembourg-national-team.ca2703c4.svg,,ok,,874e21d5782ed4ed4f0e44604fc7ae08d64caa70
UEFA,🇱🇻 Latvia,latvia,https://football-logos.cc/latvia/latvia-national-team/,https://assets.football-logos.cc/logos/latvia/1500x1500/latvia-national-team.a662ef32.png,C:\Temp\national-badges\UEFA\latvia.png,https://assets.football-logos.cc/logos/latvia/svg/latvia-national-team.a662ef32.svg,,ok,,2b2b5e93d7e5d6c5df66cc9d537ac96b6ae2a8c1
UEFA,🇲🇩 Moldova,moldova,https://football-logos.cc/moldova/moldova-national-team/,https://assets.football-logos.cc/logos/moldova/1500x1500/moldova-national-team.1ca3a975.png,C:\Temp\national-badges\UEFA\moldova.png,https://assets.football-logos.cc/logos/moldova/svg/moldova-national-team.1ca3a975.svg,,ok,,3d801a337b74ff68f6f70dc1e7f5de121fd7adb9
UEFA,🇲🇪 Montenegro,montenegro,https://football-logos.cc/montenegro/montenegro-national-team/,https://assets.football-logos.cc/logos/montenegro/1500x1500/montenegro-national-team.067db3a1.png,C:\Temp\national-badges\UEFA\montenegro.png,https://assets.football-logos.cc/logos/montenegro/svg/montenegro-national-team.067db3a1.svg,,ok,,515ef4747322ac52eda79549eaee6bb40ced717d
UEFA,🇲🇰 North Macedonia,north-macedonia,https://football-logos.cc/north-macedonia/north-macedonia-national-team/,https://assets.football-logos.cc/logos/north-macedonia/1500x1500/north-macedonia-national-team.328d7304.png,C:\Temp\national-badges\UEFA\north-macedonia.png,https://assets.football-logos.cc/logos/north-macedonia/svg/north-macedonia-national-team.328d7304.svg,,ok,,767c92508a8249dcf666e9b8ac356b85c55b6b47
UEFA,🇲🇹 Malta,malta,https://football-logos.cc/malta/malta-national-team/,https://assets.football-logos.cc/logos/malta/1500x1500/malta-national-team.d2be2f04.png,C:\Temp\national-badges\UEFA\malta.png,https://assets.football-logos.cc/logos/malta/svg/malta-national-team.d2be2f04.svg,,ok,,184577b03d59cf4c42071df111d413cf2d1a91e3
UEFA,🇳🇱 Netherlands,netherlands,https://football-logos.cc/netherlands/dutch-national-team/,https://assets.football-logos.cc/logos/netherlands/1500x1500/dutch-national-team.a34ce2b6.png,C:\Temp\national-badges\UEFA\netherlands.png,https://assets.football-logos.cc/logos/netherlands/svg/dutch-national-team.a34ce2b6.svg,,ok,,ebed26e862d7e605df9c282a4d29c5c2c912b653
UEFA,🇳🇴 Norway,norway,https://football-logos.cc/norway/norway-national-team/,https://assets.football-logos.cc/logos/norway/1500x1500/norway-national-team.28a2f277.png,C:\Temp\national-badges\UEFA\norway.png,https://assets.football-logos.cc/logos/norway/svg/norway-national-team.28a2f277.svg,,ok,,292838d6c369b37698b3c06439c48c47701f0dfb
UEFA,🇵🇱 Poland,poland,https://football-logos.cc/poland/poland-national-team/,https://assets.football-logos.cc/logos/poland/1500x1500/poland-national-team.c0fb5733.png,C:\Temp\national-badges\UEFA\poland.png,https://assets.football-logos.cc/logos/poland/svg/poland-national-team.c0fb5733.svg,,ok,,46b215b0b984ac890d6389ed5770cf2c3a51a156
UEFA,🇷🇴 Romania,romania,https://football-logos.cc/romania/romania-national-team/,https://assets.football-logos.cc/logos/romania/1500x1500/romania-national-team.24adedb0.png,C:\Temp\national-badges\UEFA\romania.png,https://assets.football-logos.cc/logos/romania/svg/romania-national-team.24adedb0.svg,,ok,,46089c14f7691cefb8934d6815bceec9a52f3082
UEFA,🇷🇸 Serbia,serbia,https://football-logos.cc/serbia/serbia-national-team/,https://assets.football-logos.cc/logos/serbia/1500x1500/serbia-national-team.67b0539c.png,C:\Temp\national-badges\UEFA\serbia.png,https://assets.football-logos.cc/logos/serbia/svg/serbia-national-team.67b0539c.svg,,ok,,5e9a44c9eb7b100df899ca7c3ba2d9d55bafed2c
UEFA,🇸🇪 Sweden,sweden,https://football-logos.cc/sweden/sweden-national-team/,https://assets.football-logos.cc/logos/sweden/1500x1500/sweden-national-team.6051a047.png,C:\Temp\national-badges\UEFA\sweden.png,https://assets.football-logos.cc/logos/sweden/svg/sweden-national-team.6051a047.svg,,ok,,7b324629d682e93b6330e050f3814dc0419baeb9
UEFA,🇸🇮 Slovenia,slovenia,https://football-logos.cc/slovenia/slovenia-national-team/,https://assets.football-logos.cc/logos/slovenia/1500x1500/slovenia-national-team.c714d235.png,C:\Temp\national-badges\UEFA\slovenia.png,https://assets.football-logos.cc/logos/slovenia/svg/slovenia-national-team.c714d235.svg,,ok,,5791994ac5094197692a9d331dc26651b0338871
UEFA,🇸🇰 Slovakia,slovakia,https://football-logos.cc/slovakia/slovakia-national-team/,https://assets.football-logos.cc/logos/slovakia/1500x1500/slovakia-national-team.58062337.png,C:\Temp\national-badges\UEFA\slovakia.png,https://assets.football-logos.cc/logos/slovakia/svg/slovakia-national-team.58062337.svg,,ok,,f34ccdd90bd07201dae1b52c5cf95086ffcec622
UEFA,🇸🇲 San Marino,san-marino,https://football-logos.cc/san-marino/san-marino-national-team/,https://assets.football-logos.cc/logos/san-marino/1500x1500/san-marino-national-team.17c671ca.png,C:\Temp\national-badges\UEFA\san-marino.png,https://assets.football-logos.cc/logos/san-marino/svg/san-marino-national-team.17c671ca.svg,,ok,,5a22e4be33b41a103a1ffca63e89bd13932e9e2c
UEFA,🇹🇷 Turkey,turkey,https://football-logos.cc/turkey/turkey-national-team/,https://assets.football-logos.cc/logos/turkey/1500x1500/turkey-national-team.d3a4077e.png,C:\Temp\national-badges\UEFA\turkey.png,https://assets.football-logos.cc/logos/turkey/svg/turkey-national-team.d3a4077e.svg,,ok,,fd8fdd1a93d7f061232348ee2686f48c0ce34358
UEFA,🇺🇦 Ukraine,ukraine,https://football-logos.cc/ukraine/ukraine-national-team/,https://assets.football-logos.cc/logos/ukraine/1500x1500/ukraine-national-team.d5cbedf0.png,C:\Temp\national-badges\UEFA\ukraine.png,https://assets.football-logos.cc/logos/ukraine/svg/ukraine-national-team.d5cbedf0.svg,,ok,,5c5c6ccebfd06ad2e2fd1d9e49e04dd7d94beb95
UEFA,🇽🇰 Kosovo,kosovo,https://football-logos.cc/kosovo/kosovo-national-team/,https://assets.football-logos.cc/logos/kosovo/1500x1500/kosovo-national-team.ab8ee521.png,C:\Temp\national-badges\UEFA\kosovo.png,https://assets.football-logos.cc/logos/kosovo/svg/kosovo-national-team.ab8ee521.svg,,ok,,f89f52d1b74878a449e3d3ad20d786d712428532
UEFA,🏴 Northern Ireland,northern-ireland,https://football-logos.cc/northern-ireland/northern-ireland-national-team/,https://assets.football-logos.cc/logos/northern-ireland/1500x1500/northern-ireland-national-team.5f4683e9.png,C:\Temp\national-badges\UEFA\northern-ireland.png,https://assets.football-logos.cc/logos/northern-ireland/svg/northern-ireland-national-team.5f4683e9.svg,,ok,,3d969267b83fdeff1819af3dff3c346f047fd3b1
UEFA,🏴󠁧󠁢󠁥󠁮󠁧󠁿 England,england,https://football-logos.cc/england/england-national-team/,https://assets.football-logos.cc/logos/england/1500x1500/england-national-team.3819f697.png,C:\Temp\national-badges\UEFA\england.png,https://assets.football-logos.cc/logos/england/svg/england-national-team.3819f697.svg,,ok,,e6b0346fb424a295c908cdf94125e468c9df8e7a
UEFA,🏴󠁧󠁢󠁳󠁣󠁴󠁿 Scotland,scotland,https://football-logos.cc/scotland/scotland-national-team/,https://assets.football-logos.cc/logos/scotland/1500x1500/scotland-national-team.34c985b6.png,C:\Temp\national-badges\UEFA\scotland.png,https://assets.football-logos.cc/logos/scotland/svg/scotland-national-team.34c985b6.svg,,ok,,ba06634c91ddc554e7dca274b7334fb0eb245422
UEFA,🏴󠁧󠁢󠁷󠁬󠁳󠁿 Wales,wales,https://football-logos.cc/wales/wales-national-team/,https://assets.football-logos.cc/logos/wales/1500x1500/wales-national-team.68fd0e8f.png,C:\Temp\national-badges\UEFA\wales.png,https://assets.football-logos.cc/logos/wales/svg/wales-national-team.68fd0e8f.svg,,ok,,41bb7125242d96997700f692356a8c1026e881a7
